<project name="Assign2" default="dist" basedir=".">
	<description>
        Assignment 2 Build File
    </description>
	<!-- set global properties for this build -->
	<property name="src" location="src" />
	<property name="build" location="build" />
	<property name="dist" location="dist" />

	<target name="init" depends="clean">
		<!-- Create the build directory structure used by compile -->
		<mkdir dir="${build}" />
	</target>

	<target name="compile" depends="init" description="compile the source ">
		<!-- Compile the java code from ${src} into ${build} -->
		<javac srcdir="${src}" destdir="${build}" includeantruntime="false" />

	</target>

	<target name="dist" depends="compile" description="generate the distribution">
		<!-- Create the distribution directory -->
		<mkdir dir="${dist}/lib" />

		<!-- Put everything in ${build} into the Assignment2.jar file -->
		
		<jar destfile="${dist}/lib/Assignment2.jar">
		  <fileset dir="build"/>
		  <manifest>
		    <attribute name="Main-Class" value="com.nagarro.main.Initializer"/>
		  </manifest>
		</jar>
	
	
		<!--<jar jarfile="${dist}/lib/Assignment2.jar" basedir="${build}"/>-->
	</target>

	<target name="clean" description="clean up">
		<!-- Delete the ${build} and ${dist} directory trees -->
		<delete dir="${build}" />
		<delete dir="${dist}" />
	</target>
</project>